{
    {
        "xgb_auc":0.8109268405438878,
        "lgb_auc":0.8074768643894371,
        "cat_auc":0.810985294657948,
        "tree_holdout_auc": 0.8248624861404901,
    },

    "lstm_holdout_auc": 0.8212939081065354,

    "equal_hybrid_holdout_auc":0.8238284290982867,
    "0.6_0.4_hybrid_holdout_auc": 0.8243808436018212,
    "9_best_hybrid_holdout_auc": 0.8249937091586786,

    "calibrated_mean_PD": 0.34539782356543786,
    "median_PD": 0.19300079759484234,
    "min_PD": 0.05782311642903019,
    "max_PD": 0.8152599697705811,

    "brier_score": 0.1530681736917101,
    "actual_default_rate": 0.3453333333333333,

}